{"stats":{"minecraft:picked_up":{"minecraft:birch_log":99,"minecraft:stick":117,"minecraft:andesite":102,"minecraft:oak_log":184,"minecraft:apple":14,"minecraft:oak_sapling":163,"minecraft:birch_sapling":36,"minecraft:coal":1,"minecraft:cobblestone":15},"minecraft:used":{"minecraft:oak_log":28,"minecraft:wooden_axe":355,"minecraft:apple":2,"minecraft:stone_pickaxe":126,"minecraft:crafting_table":3},"minecraft:crafted":{"minecraft:oak_planks":16,"minecraft:crafting_table":3,"minecraft:stick":4,"minecraft:stone_pickaxe":1,"minecraft:wooden_axe":9,"minecraft:torch":4,"minecraft:birch_planks":16},"minecraft:mined":{"minecraft:birch_log":99,"minecraft:andesite":113,"minecraft:grass":3,"minecraft:coal_ore":1,"minecraft:oak_log":205,"minecraft:stone":12,"minecraft:oak_leaves":4},"minecraft:custom":{"minecraft:time_since_rest":6100,"minecraft:sprint_one_cm":90216,"minecraft:damage_taken":233,"minecraft:walk_one_cm":51837,"minecraft:drop":2,"minecraft:damage_dealt":15,"minecraft:swim_one_cm":1213,"minecraft:interact_with_crafting_table":5,"minecraft:fly_one_cm":38940,"minecraft:open_chest":1,"minecraft:crouch_one_cm":2776,"minecraft:play_time":17917,"minecraft:deaths":1,"minecraft:sneak_time":2073,"minecraft:walk_under_water_one_cm":51,"minecraft:jump":203,"minecraft:time_since_death":7344,"minecraft:walk_on_water_one_cm":1534,"minecraft:sleep_in_bed":1,"minecraft:climb_one_cm":215,"minecraft:total_world_time":17917,"minecraft:fall_one_cm":2532},"minecraft:broken":{"minecraft:wooden_axe":2},"minecraft:killed_by":{"minecraft:iron_golem":1},"minecraft:dropped":{"minecraft:andesite":1,"minecraft:wooden_axe":1}},"DataVersion":3465}