{"stats":{"minecraft:mined":{"minecraft:birch_log":7,"minecraft:smoker":1,"minecraft:crafting_table":4,"minecraft:oak_log":6,"minecraft:coal_ore":10,"minecraft:stone":48},"minecraft:crafted":{"minecraft:cooked_beef":1,"minecraft:oak_planks":24,"minecraft:cooked_porkchop":7,"minecraft:crafting_table":1,"minecraft:stick":8,"minecraft:wooden_pickaxe":1,"minecraft:stone_pickaxe":1,"minecraft:furnace":1,"minecraft:torch":8,"minecraft:stone_axe":1,"minecraft:air":0,"minecraft:smoker":1},"minecraft:picked_up":{"minecraft:birch_log":7,"minecraft:stick":3,"minecraft:crafting_table":4,"minecraft:wooden_pickaxe":1,"minecraft:smoker":1,"minecraft:porkchop":7,"minecraft:oak_log":6,"tombstone:grave_dust":2,"minecraft:rotten_flesh":2,"minecraft:beef":2,"minecraft:coal":10,"minecraft:cobblestone":48},"minecraft:custom":{"minecraft:time_since_rest":17755,"minecraft:sprint_one_cm":36205,"minecraft:damage_taken":60,"minecraft:walk_one_cm":51892,"minecraft:mob_kills":10,"minecraft:drop":4,"minecraft:damage_dealt":1003,"minecraft:swim_one_cm":1731,"minecraft:interact_with_crafting_table":4,"minecraft:fly_one_cm":16888,"minecraft:crouch_one_cm":570,"minecraft:play_time":17755,"tombstone:undead_killed":1,"minecraft:sneak_time":314,"minecraft:walk_under_water_one_cm":631,"minecraft:jump":218,"minecraft:walk_on_water_one_cm":102,"minecraft:time_since_death":17755,"minecraft:total_world_time":17755,"minecraft:interact_with_smoker":8,"minecraft:fall_one_cm":4352},"minecraft:dropped":{"minecraft:cooked_porkchop":2,"minecraft:wooden_pickaxe":2},"minecraft:used":{"minecraft:stone_pickaxe":1,"minecraft:wooden_pickaxe":58,"minecraft:stone_axe":22,"minecraft:crafting_table":4,"minecraft:cooked_porkchop":2,"minecraft:smoker":1},"minecraft:killed":{"fight_or_die:springer":1,"fight_or_die:shiller":2,"minecraft:zombie":1,"minecraft:pig":5,"minecraft:cow":1}},"DataVersion":3465}