{"stats":{"minecraft:mined":{"argentinas_delight:ramaltamembrillo":4,"minecraft:birch_log":29,"argentinas_delight:hojasmembrillocubo":3,"argentinas_delight:flormembrillo":1,"argentinas_delight:ramabajamembrillo":3,"minecraft:grass":2,"minecraft:oak_log":72,"minecraft:white_wool":1},"minecraft:picked_up":{"minecraft:birch_log":28,"minecraft:stick":29,"minecraft:red_mushroom":1,"argentinas_delight:maderadeobra":10,"minecraft:oak_log":73,"minecraft:apple":9,"argentinas_delight:membrillo":2,"minecraft:oak_sapling":38,"minecraft:birch_sapling":10,"minecraft:mutton":8,"minecraft:white_wool":5,"minecraft:egg":1},"minecraft:used":{"minecraft:wooden_axe":134,"minecraft:apple":4,"minecraft:white_wool":1,"minecraft:crafting_table":1,"minecraft:white_bed":1,"minecraft:egg":1},"minecraft:crafted":{"minecraft:oak_planks":12,"minecraft:crafting_table":1,"minecraft:stick":4,"minecraft:wooden_axe":2,"minecraft:white_bed":1,"minecraft:birch_planks":8},"minecraft:custom":{"minecraft:time_since_rest":6920,"minecraft:sprint_one_cm":50322,"minecraft:walk_one_cm":30378,"minecraft:mob_kills":5,"minecraft:damage_dealt":440,"minecraft:interact_with_crafting_table":4,"minecraft:fly_one_cm":38114,"minecraft:crouch_one_cm":63,"minecraft:play_time":16716,"minecraft:sneak_time":31,"minecraft:jump":142,"minecraft:time_since_death":16716,"minecraft:sleep_in_bed":1,"minecraft:total_world_time":16716,"minecraft:fall_one_cm":3671},"minecraft:broken":{"minecraft:wooden_axe":2},"minecraft:killed":{"minecraft:sheep":4,"fight_or_die:springer":1}},"DataVersion":3465}