{"stats":{"minecraft:picked_up":{"minecraft:stick":2,"minecraft:hay_block":17,"minecraft:oak_log":13,"minecraft:oak_sapling":10},"minecraft:used":{"minecraft:wooden_axe":12,"minecraft:crafting_table":1},"minecraft:crafted":{"minecraft:oak_planks":16,"minecraft:crafting_table":1,"minecraft:stick":4,"minecraft:wooden_pickaxe":1,"minecraft:wooden_axe":1},"minecraft:mined":{"minecraft:hay_block":17,"minecraft:grass":3,"minecraft:oak_log":13},"minecraft:custom":{"minecraft:time_since_rest":4899,"minecraft:crouch_one_cm":14,"minecraft:play_time":4899,"minecraft:sprint_one_cm":14080,"minecraft:walk_one_cm":9478,"minecraft:sneak_time":24,"minecraft:jump":42,"minecraft:time_since_death":4899,"minecraft:total_world_time":4899,"minecraft:climb_one_cm":144,"minecraft:interact_with_crafting_table":1,"minecraft:fall_one_cm":627,"minecraft:fly_one_cm":9698}},"DataVersion":3465}