{"stats":{"minecraft:picked_up":{"minecraft:lead":1,"minecraft:smithing_table":1,"createaddition:electrum_nugget":8,"create:wrench":3,"minecraft:enchanted_book":2,"minecraft:brewing_stand":3,"minecraft:string":61,"minecraft:soul_soil":18,"minecraft:cooked_salmon":6,"minecraft:gold_nugget":707,"minecraft:cobbled_deepslate":163,"minecraft:netherite_upgrade_smithing_template":2,"create:andesite_casing":1,"minecraft:cherry_log":131,"minecraft:warped_planks":103,"minecraft:blue_dye":1,"minecraft:glowstone":10,"create:mechanical_arm":1,"minecraft:sponge":194,"minecraft:birch_log":122,"minecraft:furnace_minecart":12,"minecraft:magma_block":16,"minecraft:jungle_log":45,"minecraft:flint":70,"minecraft:cherry_fence":11,"minecraft:stonecutter":2,"create:shaft":117,"minecraft:glowstone_dust":155,"create:empty_blaze_burner":7,"sophisticatedbackpacks:iron_backpack":1,"minecraft:ink_sac":2,"minecraft:dark_oak_log":199,"minecraft:deepslate":11,"minecraft:lever":1,"minecraft:granite":21,"minecraft:bread":10,"minecraft:cherry_slab":21,"minecraft:dark_oak_fence":2,"create:copper_sheet":76,"minecraft:crafting_table":10,"minecraft:clay_ball":54,"minecraft:flint_and_steel":1,"create:scorchia":34,"minecraft:beef":61,"minecraft:jungle_sapling":6,"minecraft:iron_nugget":408,"minecraft:minecart":5,"minecraft:chest":18,"minecraft:birch_sapling":45,"minecraft:egg":3,"fight_or_die:ripping_flesh":4,"minecraft:sandstone":4,"minecraft:stone":261,"minecraft:oak_door":1,"create:crushed_raw_zinc":61,"sophisticatedbackpacks:backpack":1,"minecraft:carrot":1,"minecraft:redstone":195,"minecraft:prismarine_crystals":11,"create:vertical_gearbox":2,"minecraft:tnt":4,"minecraft:cooked_cod":4,"minecraft:hay_block":20,"create:depot":8,"minecraft:gold_ingot":85,"sophisticatedbackpacks:copper_backpack":1,"minecraft:glow_berries":4,"minecraft:white_wool":119,"minecraft:rail":37,"create:iron_sheet":21,"create:brass_sheet":1,"smartermobs:zombie_block":2,"doggytalents:rice_grains":5,"minecraft:oak_log":652,"minecraft:ancient_debris":2,"create:crushing_wheel":2,"create:crushed_raw_iron":30,"minecraft:apple":44,"minecraft:warped_stem":31,"minecraft:iron_sword":2,"minecraft:dark_oak_slab":80,"minecraft:gravel":362,"minecraft:spruce_log":64,"minecraft:crying_obsidian":12,"create:gearbox":1,"minecraft:stone_axe":1,"create:mechanical_pump":2,"minecraft:lodestone":1,"minecraft:ender_pearl":1,"minecraft:wheat":2,"minecraft:iron_trapdoor":5,"tombstone:tablet_of_home":2,"minecraft:potion":4,"minecraft:gilded_blackstone":111,"minecraft:stone_brick_stairs":1,"minecraft:raw_copper":333,"create:andesite_funnel":1,"minecraft:red_sand":128,"minecraft:smooth_stone":137,"minecraft:bucket":1,"comforts:sleeping_bag_white":67,"minecraft:calcite":38,"minecraft:furnace":7,"minecraft:stick":296,"minecraft:birch_trapdoor":3,"minecraft:oak_fence":5,"minecraft:torch":60,"tombstone:grave_dust":6,"minecraft:diorite":112,"create:large_cogwheel":17,"minecraft:rotten_flesh":13,"create:asurine":19,"minecraft:obsidian":24,"minecraft:cobblestone":4156,"minecraft:pink_petals":2,"fight_or_die:springer_fragment":1,"minecraft:magma_cream":88,"create:fluid_tank":5,"minecraft:cherry_planks":124,"minecraft:andesite":481,"minecraft:potato":343,"create:belt_connector":1,"minecraft:tuff":124,"create:raw_zinc":79,"create:incomplete_precision_mechanism":115,"minecraft:lapis_lazuli":34,"minecraft:dirt":445,"minecraft:bone":4,"minecraft:wheat_seeds":11,"minecraft:raw_gold":10,"minecraft:grindstone":2,"minecraft:fletching_table":1,"minecraft:oak_planks":42,"minecraft:diorite_wall":1,"minecraft:cooked_porkchop":27,"create:cogwheel":45,"minecraft:oak_pressure_plate":6,"minecraft:sand":83,"minecraft:jungle_planks":3,"minecraft:dead_bush":3,"minecraft:grass_block":1,"minecraft:spectral_arrow":11,"minecraft:diamond":28,"minecraft:cracked_polished_blackstone_bricks":16,"minecraft:bone_meal":1,"minecraft:emerald":2,"minecraft:oak_sapling":314,"minecraft:netherrack":942,"create:stressometer":1,"minecraft:oak_leaves":95,"minecraft:charcoal":11,"minecraft:chest_minecart":1,"minecraft:gold_block":5,"minecraft:iron_axe":1,"minecraft:warped_fence":5,"minecraft:blackstone":84,"minecraft:oak_boat":7,"create:basin":3,"minecraft:sugar_cane":91,"minecraft:dark_oak_sapling":40,"minecraft:raw_iron":130,"minecraft:cherry_stairs":9,"create:golden_sheet":4,"minecraft:copper_ingot":23,"minecraft:polished_blackstone_bricks":75,"create:hand_crank":13,"minecraft:cherry_fence_gate":2,"create:zinc_ingot":90,"tombstone:scroll_of_purification":2,"minecraft:dark_oak_planks":21,"minecraft:arrow":69,"create:experience_nugget":403,"minecraft:nether_bricks":22,"minecraft:wet_sponge":172,"minecraft:netherite_boots":1,"minecraft:basalt":525,"minecraft:crimson_stem":5,"minecraft:leather":49,"create:andesite_alloy":87,"minecraft:gunpowder":16,"minecraft:yellow_bed":8,"minecraft:nether_wart_block":1,"minecraft:cobblestone_wall":9,"create:blaze_burner":4,"immersive_aircraft:gyrodyne":1,"create:copper_nugget":851,"minecraft:heart_of_the_sea":2,"minecraft:iron_ingot":114,"vs_eureka:balloon":72,"minecraft:soul_sand":28,"sophisticatedbackpacks:diamond_backpack":5,"minecraft:oak_slab":1,"create:large_water_wheel":4,"minecraft:stone_brick_slab":1,"minecraft:quartz":30,"minecraft:dandelion":1,"minecraft:lava_bucket":3,"vs_eureka:warped_ship_helm":1,"minecraft:blast_furnace":2,"minecraft:white_bed":7,"create:brass_ingot":14,"create:zinc_nugget":557,"create:crushed_raw_copper":468,"minecraft:cherry_sapling":65,"tombstone:magic_scroll":1,"argentinas_delight:cuernodetoro":12,"minecraft:coal":8},"minecraft:broken":{"minecraft:golden_boots":1,"minecraft:wooden_shovel":1,"minecraft:iron_leggings":1,"minecraft:iron_axe":1,"minecraft:iron_pickaxe":4,"minecraft:netherite_boots":1,"minecraft:stone_pickaxe":18,"minecraft:stone_axe":7,"minecraft:wooden_axe":2,"minecraft:stone_shovel":2,"create:sand_paper":1},"minecraft:crafted":{"minecraft:pink_bed":1,"minecraft:oak_pressure_plate":3,"minecraft:lever":2,"minecraft:iron_bars":16,"create:vertical_gearbox":18,"create:rotation_speed_controller":6,"minecraft:glass":30,"create:andesite_funnel":4,"sophisticatedbackpacks:copper_backpack":3,"vs_eureka:warped_ship_helm":1,"create:mechanical_press":1,"minecraft:dried_kelp_block":1,"create:brass_funnel":4,"create:cogwheel":239,"create:mechanical_plough":2,"minecraft:furnace_minecart":1,"minecraft:wooden_shovel":1,"create:rose_quartz":12,"minecraft:emerald":6,"minecraft:copper_ingot":215,"minecraft:sticky_piston":3,"minecraft:fletching_table":1,"minecraft:campfire":3,"create:mechanical_mixer":1,"immersive_aircraft:propeller":1,"create:gearbox":28,"create:encased_fan":1,"minecraft:iron_pickaxe":4,"minecraft:iron_block":7,"minecraft:gold_ingot":93,"create:large_cogwheel":73,"create:propeller":1,"minecraft:stone_shovel":3,"create:wrench":1,"minecraft:iron_nugget":439,"comforts:sleeping_bag_white":3,"create:copper_backtank":2,"minecraft:white_carpet":12,"minecraft:dark_oak_fence":48,"minecraft:ladder":27,"minecraft:cherry_stairs":16,"minecraft:stone_pickaxe":18,"create:hose_pulley":1,"create:electron_tube":12,"minecraft:dark_oak_planks":804,"create:belt_connector":64,"minecraft:wheat":27,"mca:engagement_ring":1,"create:dough":1,"create:goggles":1,"sophisticatedbackpacks:gold_backpack":3,"minecraft:glowstone":22,"minecraft:jungle_slab":108,"create:speedometer":5,"create:mechanical_arm":1,"minecraft:wooden_axe":9,"minecraft:birch_trapdoor":2,"minecraft:white_bed":7,"create:shaft":330,"minecraft:oak_planks":921,"minecraft:barrel":141,"minecraft:cherry_slab":54,"minecraft:stone":1,"create:deployer":3,"minecraft:warped_planks":124,"minecraft:hopper":3,"create:cart_assembler":1,"immersive_aircraft:hull":2,"minecraft:chest":29,"create:spout":3,"minecraft:copper_block":4,"minecraft:cherry_fence":66,"create:brass_hand":3,"minecraft:respawn_anchor":1,"minecraft:golden_boots":2,"minecraft:smoker":1,"minecraft:oak_slab":162,"create:depot":4,"sophisticatedbackpacks:backpack":2,"minecraft:crafting_table":36,"create:mechanical_saw":1,"create:fluid_pipe":52,"minecraft:baked_potato":74,"create:sand_paper":3,"minecraft:birch_planks":280,"create:gearshift":1,"sophisticatedbackpacks:upgrade_base":1,"create:stressometer":5,"minecraft:dark_oak_slab":210,"minecraft:paper":12,"minecraft:charcoal":73,"create:water_wheel":9,"create:super_glue":2,"minecraft:stick":308,"minecraft:warped_slab":6,"create:white_seat":1,"create:mechanical_pump":9,"minecraft:iron_ingot":243,"minecraft:stone_sword":1,"minecraft:dark_oak_fence_gate":1,"minecraft:sponge":70,"minecraft:shears":1,"create:empty_blaze_burner":4,"minecraft:cherry_planks":476,"minecraft:redstone":12,"mca:blueprint":1,"create:steam_engine":2,"immersive_aircraft:sail":2,"minecraft:furnace":4,"minecraft:piston":3,"minecraft:glass_pane":16,"minecraft:warped_fence":15,"vs_eureka:engine":1,"minecraft:iron_axe":1,"minecraft:iron_hoe":1,"minecraft:slime_ball":24,"create:millstone":1,"minecraft:lime_dye":24,"create:fluid_tank":141,"minecraft:cobblestone_wall":82,"create:basin":1,"minecraft:minecart":2,"minecraft:cherry_fence_gate":4,"sophisticatedbackpacks:iron_backpack":3,"minecraft:cooked_beef":13,"minecraft:crimson_planks":20,"create:andesite_alloy":137,"create:hand_crank":5,"create_enchantment_industry:disenchanter":1,"vs_eureka:balloon":92,"minecraft:diorite_wall":24,"create:large_water_wheel":9,"create:item_drain":2,"minecraft:bucket":5,"minecraft:stone_axe":15,"minecraft:air":0,"minecraft:jungle_planks":405,"minecraft:oak_boat":3,"sophisticatedbackpacks:pickup_upgrade":1,"create:whisk":1,"immersive_aircraft:gyrodyne":1,"create:linear_chassis":132,"create:mechanical_crafter":21,"minecraft:anvil":1,"create:mechanical_drill":27,"minecraft:andesite":6,"create:copper_diving_helmet":2,"minecraft:torch":124,"mca:wedding_ring":1,"create:zinc_ingot":79},"minecraft:mined":{"minecraft:dark_oak_planks":26,"minecraft:white_bed":8,"create:andesite_casing":1,"minecraft:cherry_log":132,"minecraft:obsidian":24,"minecraft:granite":36,"minecraft:jungle_log":45,"minecraft:oak_pressure_plate":3,"create:belt":1,"minecraft:polished_blackstone_bricks":91,"minecraft:tall_seagrass":4,"minecraft:magma_block":16,"minecraft:cobbled_deepslate":17,"minecraft:fire":21,"minecraft:fletching_table":1,"minecraft:deepslate_lapis_ore":6,"minecraft:dirt_path":5,"create:veridium":1,"minecraft:crimson_nylium":3,"minecraft:torch":40,"minecraft:blast_furnace":2,"minecraft:glass":2,"minecraft:sugar_cane":46,"minecraft:cherry_slab":19,"vs_eureka:balloon":158,"minecraft:cherry_fence":7,"sophisticatedbackpacks:diamond_backpack":4,"minecraft:wheat":2,"minecraft:stone_brick_stairs":1,"minecraft:grass":75,"minecraft:dark_oak_sapling":5,"minecraft:stonecutter":1,"minecraft:deepslate":156,"create:zinc_ore":4,"minecraft:dark_oak_log":625,"minecraft:sea_lantern":1,"minecraft:nether_bricks":22,"minecraft:dark_oak_fence":2,"minecraft:andesite":437,"minecraft:potatoes":105,"minecraft:rail":12,"minecraft:warped_stem":35,"minecraft:cherry_fence_gate":2,"minecraft:white_wool":4,"minecraft:smithing_table":2,"minecraft:oak_slab":1,"minecraft:cherry_planks":102,"minecraft:soul_sand":14,"minecraft:stone_brick_slab":1,"minecraft:dandelion":1,"minecraft:sponge":14,"minecraft:warped_roots":1,"minecraft:campfire":2,"minecraft:tall_grass":4,"minecraft:copper_ore":69,"minecraft:deepslate_gold_ore":10,"minecraft:diorite":121,"minecraft:warped_wart_block":75,"create:water_wheel_structure":3,"create:blaze_burner":3,"minecraft:cobblestone_wall":10,"minecraft:birch_leaves":1,"vs_eureka:warped_ship_helm":2,"minecraft:gravel":20,"minecraft:cobweb":37,"create:deepslate_zinc_ore":33,"minecraft:oak_sapling":1,"minecraft:farmland":1,"minecraft:cobblestone_stairs":3,"minecraft:brewing_stand":1,"minecraft:grass_block":320,"minecraft:cracked_polished_blackstone_bricks":55,"minecraft:soul_soil":6,"minecraft:smooth_stone":9,"minecraft:glowstone":54,"minecraft:iron_ore":26,"create:asurine":22,"minecraft:deepslate_redstone_ore":10,"minecraft:blackstone":71,"minecraft:calcite":36,"minecraft:chest":24,"minecraft:mushroom_stem":5,"minecraft:nether_quartz_ore":13,"minecraft:cobblestone":179,"minecraft:grindstone":1,"minecraft:oak_planks":27,"minecraft:wall_torch":10,"create:large_water_wheel":1,"minecraft:pink_petals":1,"minecraft:seagrass":1,"minecraft:warped_nylium":1,"minecraft:dark_oak_slab":76,"minecraft:warped_planks":78,"minecraft:nether_wart_block":16,"minecraft:birch_log":123,"minecraft:birch_trapdoor":4,"minecraft:oak_log":527,"minecraft:diorite_wall":1,"minecraft:sand":41,"minecraft:dirt":198,"minecraft:netherrack":1030,"create:crimsite":12,"minecraft:oak_leaves":102,"minecraft:tuff":129,"minecraft:deepslate_diamond_ore":16,"create:ochrum":1,"create:depot":1,"minecraft:sandstone":4,"minecraft:crimson_stem":7,"minecraft:hay_block":10,"minecraft:furnace":7,"minecraft:carrots":1,"create:scorchia":35,"minecraft:gold_block":2,"minecraft:deepslate_iron_ore":15,"minecraft:shroomlight":2,"minecraft:stripped_oak_log":1,"minecraft:wet_sponge":270,"minecraft:stone":535,"minecraft:cherry_stairs":3,"minecraft:basalt":630,"minecraft:warped_fence":5,"minecraft:crafting_table":13,"minecraft:birch_planks":7,"fight_or_die:blood_splash2":4,"minecraft:yellow_bed":4,"minecraft:coal_ore":11,"minecraft:cherry_leaves":2},"minecraft:used":{"create:deployer":39,"minecraft:ladder":13,"minecraft:chest":53,"smartermobs:zombie_block":2,"create:fluid_tank":78,"create:mechanical_crafter":47,"create:depot":44,"minecraft:jungle_sapling":4,"minecraft:lava_bucket":90,"minecraft:wet_sponge":11,"minecraft:dark_oak_slab":187,"minecraft:diorite_wall":19,"minecraft:stone_brick_stairs":1,"create:andesite_funnel":18,"create:rotation_speed_controller":32,"create:shaft":350,"minecraft:oak_sapling":11,"create:steam_engine":12,"minecraft:furnace":9,"minecraft:cooked_cod":7,"minecraft:egg":2,"minecraft:potato":194,"minecraft:diorite":329,"minecraft:blackstone":4,"create:spout":3,"minecraft:golden_apple":1,"minecraft:respawn_anchor":1,"minecraft:glow_berries":18,"minecraft:sand":16,"minecraft:blast_furnace":1,"create:copper_backtank":4,"minecraft:oak_pressure_plate":45,"create:basin":18,"vs_eureka:engine":1,"minecraft:smithing_table":1,"minecraft:dark_oak_fence":23,"minecraft:birch_log":15,"minecraft:oak_boat":8,"create_enchantment_industry:disenchanter":2,"minecraft:stone_sword":53,"minecraft:cooked_salmon":2,"minecraft:netherrack":248,"minecraft:torch":195,"minecraft:brewing_stand":1,"minecraft:anvil":1,"create:gearbox":61,"create:wrench":2149,"minecraft:iron_axe":293,"minecraft:cherry_slab":71,"minecraft:warped_fence":17,"minecraft:cherry_fence_gate":6,"minecraft:basalt":356,"minecraft:glowstone":9,"minecraft:goat_horn":4,"tombstone:gift":9,"create:fluid_pipe":31,"comforts:sleeping_bag_white":64,"minecraft:cherry_fence":73,"minecraft:cobbled_deepslate":141,"create:belt_connector":100,"minecraft:calcite":2,"minecraft:wheat_seeds":2,"minecraft:water_bucket":141,"minecraft:birch_planks":7,"minecraft:cherry_planks":409,"minecraft:fletching_table":2,"create:blaze_burner":25,"minecraft:polished_blackstone_bricks":34,"minecraft:rail":202,"create:encased_fan":24,"minecraft:crafting_table":41,"minecraft:oak_slab":1,"minecraft:white_bed":14,"minecraft:campfire":3,"minecraft:dark_oak_fence_gate":1,"minecraft:oak_log":53,"minecraft:diamond_pickaxe":608,"minecraft:iron_pickaxe":1006,"minecraft:suspicious_stew":1,"create:mechanical_arm":75,"minecraft:pink_bed":1,"minecraft:cobblestone":425,"minecraft:cooked_porkchop":10,"minecraft:stripped_oak_log":7,"minecraft:dandelion":1,"minecraft:cherry_sapling":13,"minecraft:iron_sword":180,"vs_eureka:warped_ship_helm":3,"create:minecart_contraption":67,"create:cogwheel":160,"minecraft:nether_bricks":22,"minecraft:carrot":1,"minecraft:furnace_minecart":11,"minecraft:obsidian":41,"minecraft:glass":9,"sophisticatedbackpacks:diamond_backpack":4,"create:millstone":1,"minecraft:birch_trapdoor":4,"minecraft:magma_block":1,"create:mechanical_drill":121,"minecraft:dark_oak_sapling":61,"minecraft:golden_boots":1,"create:crushing_wheel":28,"minecraft:stone_pickaxe":2361,"minecraft:oak_planks":52,"minecraft:sandstone":2,"minecraft:sugar_cane":22,"create:mechanical_saw":16,"minecraft:sponge":763,"minecraft:shears":153,"minecraft:lever":19,"minecraft:bread":8,"tombstone:grave_key":31,"create:asurine":4,"minecraft:deepslate":11,"minecraft:gravel":1,"create:white_seat":1,"create:stressometer":25,"minecraft:andesite":17,"immersive_aircraft:gyrodyne":2,"minecraft:chest_minecart":1,"create:vertical_gearbox":185,"minecraft:bone_meal":18,"create:large_cogwheel":59,"minecraft:flint_and_steel":61,"minecraft:stone_shovel":282,"minecraft:wooden_shovel":59,"create:mechanical_pump":17,"minecraft:dirt":862,"create:mechanical_mixer":16,"minecraft:hopper":3,"minecraft:cobblestone_wall":90,"create:mechanical_plough":5,"minecraft:granite":6,"minecraft:iron_hoe":154,"minecraft:dark_oak_planks":201,"minecraft:stone_brick_slab":1,"minecraft:wooden_axe":355,"create:hose_pulley":2,"create:cart_assembler":14,"minecraft:golden_carrot":43,"minecraft:minecart":8,"minecraft:cooked_beef":27,"minecraft:iron_leggings":1,"create:gearshift":1,"create:empty_blaze_burner":6,"minecraft:baked_potato":87,"create:item_drain":1,"create:brass_funnel":21,"minecraft:smoker":1,"minecraft:warped_planks":115,"create:linear_chassis":229,"minecraft:apple":58,"create:mechanical_press":28,"minecraft:cracked_polished_blackstone_bricks":5,"create:large_water_wheel":43,"minecraft:stone_axe":1572,"vs_eureka:balloon":180,"minecraft:cherry_stairs":13,"minecraft:bucket":273,"create:hand_crank":45,"minecraft:smooth_stone":1},"minecraft:killed":{"fight_or_die:springer":11,"minecraft:cave_spider":1,"minecraft:skeleton":4,"minecraft:pillager":1,"minecraft:zombie":22,"fight_or_die:mutated_player":4,"fight_or_die:mutated_enderman":2,"minecraft:cow":15,"fight_or_die:mutated_human_head":1,"fight_or_die:mutated_human":4,"fight_or_die:mutated_sheep":3,"minecraft:enderman":2,"minecraft:zombified_piglin":2,"fight_or_die:mutated_fox":1,"fight_or_die:mutated_cow":2,"minecraft:creeper":1,"fight_or_die:mutated_villager":1,"fight_or_die:mutated_pig":1},"minecraft:killed_by":{"minecraft:piglin_brute":1,"minecraft:pillager":1,"minecraft:zombie":2,"fight_or_die:mutated_enderman":9,"fight_or_die:mutated_player":4,"minecraft:guardian":1,"minecraft:wither_skeleton":2,"minecraft:creeper":1,"minecraft:blaze":4,"mca:female_villager":1,"fight_or_die:mutated_human":6,"minecraft:iron_golem":1,"fight_or_die:springer":1,"minecraft:skeleton":5},"minecraft:custom":{"minecraft:interact_with_crafting_table":327,"minecraft:open_barrel":4,"minecraft:leave_game":27,"minecraft:time_since_death":10488,"minecraft:play_time":1665735,"minecraft:deaths":58,"minecraft:jump":13345,"minecraft:interact_with_furnace":193,"minecraft:traded_with_villager":20,"minecraft:sleep_in_bed":87,"minecraft:damage_dealt":14023,"tombstone:undead_killed":28,"minecraft:interact_with_smoker":9,"minecraft:interact_with_smithing_table":2,"minecraft:interact_with_anvil":2,"minecraft:inspect_hopper":10,"minecraft:damage_dealt_absorbed":80,"minecraft:sneak_time":106484,"minecraft:interact_with_blast_furnace":29,"minecraft:total_world_time":1665735,"tombstone:raider_killed":1,"minecraft:time_since_rest":10224,"minecraft:swim_one_cm":352154,"minecraft:fly_one_cm":2364896,"minecraft:open_chest":506,"minecraft:fall_one_cm":321089,"minecraft:animals_bred":1,"minecraft:sprint_one_cm":2034991,"minecraft:drop":749,"minecraft:talked_to_villager":24,"minecraft:interact_with_brewingstand":1,"minecraft:walk_on_water_one_cm":188563,"minecraft:crouch_one_cm":227311,"minecraft:mob_kills":81,"minecraft:interact_with_campfire":21,"minecraft:damage_dealt_resisted":512,"minecraft:climb_one_cm":60073,"minecraft:walk_one_cm":4362283,"minecraft:walk_under_water_one_cm":170306,"minecraft:damage_taken":24101,"minecraft:damage_absorbed":40},"minecraft:dropped":{"minecraft:iron_sword":1,"minecraft:cooked_porkchop":10,"create:copper_nugget":110,"create:incomplete_precision_mechanism":62,"sophisticatedbackpacks:gold_backpack":1,"minecraft:emerald":12,"minecraft:dirt":10,"mca:blueprint":1,"create:scorchia":34,"create:copper_backtank":2,"minecraft:bone_meal":24,"minecraft:sand":72,"minecraft:dark_oak_planks":5,"minecraft:white_wool":4,"minecraft:oak_door":1,"minecraft:stone_axe":1,"minecraft:ancient_debris":1,"create:crushed_raw_copper":663,"minecraft:iron_nugget":477,"minecraft:cobbled_deepslate":5349,"minecraft:wheat":27,"minecraft:obsidian":15,"minecraft:rotten_flesh":16,"minecraft:grindstone":1,"minecraft:oak_planks":8,"minecraft:glowstone_dust":2,"create:asurine":68,"minecraft:white_bed":1,"minecraft:warped_planks":1,"argentinas_delight:cuernodetoro":3,"minecraft:diorite_wall":6,"create:wrench":2,"mca:book_infection":1,"minecraft:white_dye":1,"minecraft:glass":3,"minecraft:beef":16,"minecraft:cherry_fence":4,"minecraft:enchanted_book":2,"minecraft:iron_ingot":104,"minecraft:wheat_seeds":8,"minecraft:golden_horse_armor":1,"minecraft:book":12,"minecraft:prismarine_crystals":11,"minecraft:cobblestone":9146,"minecraft:apple":20,"minecraft:granite":123,"minecraft:lava_bucket":3,"minecraft:diamond_horse_armor":2,"minecraft:iron_trapdoor":1,"minecraft:wooden_axe":1,"minecraft:cooked_salmon":4,"minecraft:potion":4,"minecraft:dead_bush":3,"minecraft:heart_of_the_sea":2,"minecraft:paper":2,"create:raw_zinc":61,"minecraft:soul_soil":6,"create:ochrum":338,"minecraft:bowl":1,"minecraft:clay_ball":78,"minecraft:potato":10,"minecraft:hay_block":10,"minecraft:stone":134,"create:zinc_ingot":206,"minecraft:spider_eye":2,"minecraft:sandstone":2,"minecraft:red_sand":256,"minecraft:oak_log":334,"minecraft:netherite_upgrade_smithing_template":1,"minecraft:leather":15,"minecraft:iron_horse_armor":1,"create:crimsite":13,"minecraft:flint":446,"create:copper_diving_helmet":2,"minecraft:cracked_polished_blackstone_bricks":7,"minecraft:cooked_cod":2,"minecraft:gilded_blackstone":111,"minecraft:wet_sponge":180,"create:iron_sheet":24,"create:crushed_raw_iron":44,"minecraft:polished_blackstone_bricks":11,"minecraft:gold_ingot":122,"minecraft:gravel":2407,"minecraft:cherry_stairs":6,"minecraft:cherry_sapling":1,"minecraft:carrot":33,"minecraft:birch_trapdoor":2,"minecraft:beetroot_seeds":4,"minecraft:glowstone":5,"fight_or_die:ripping_flesh":3,"doggytalents:rice_grains":8,"comforts:sleeping_bag_white":5,"create:wheat_flour":75,"minecraft:basalt":7,"minecraft:arrow":1,"minecraft:quartz":1,"minecraft:oak_leaves":50,"minecraft:netherrack":581,"minecraft:bread":10,"tombstone:tablet_of_home":1,"create:zinc_nugget":20,"minecraft:copper_ingot":250,"minecraft:stick":153,"minecraft:diorite":122,"minecraft:brewing_stand":1,"minecraft:nether_wart_block":1,"tombstone:grave_dust":1,"minecraft:pink_petals":2,"minecraft:bucket":3,"create:shaft":112,"minecraft:raw_copper":544,"create:crushed_raw_zinc":61,"minecraft:tuff":177,"minecraft:raw_iron":82,"minecraft:light_gray_wool":1,"tombstone:scroll_of_purification":1,"create:experience_nugget":375,"minecraft:flint_and_steel":1,"minecraft:filled_map":3,"create:veridium":46,"minecraft:andesite":445,"minecraft:oak_sapling":5,"minecraft:oak_boat":2,"minecraft:magma_cream":44,"minecraft:calcite":89}},"DataVersion":3465}