{"stats":{"minecraft:mined":{"minecraft:birch_log":14,"argentinas_delight:hojasmembrillocubo":1,"argentinas_delight:flormembrillo":1,"argentinas_delight:ramabajamembrillo":1,"minecraft:grass":4,"minecraft:grass_block":1,"minecraft:oak_log":161,"minecraft:oak_leaves":4},"minecraft:picked_up":{"minecraft:birch_log":15,"minecraft:stick":45,"minecraft:feather":1,"minecraft:chicken":1,"minecraft:leather":4,"argentinas_delight:maderadeobra":4,"minecraft:oak_log":152,"minecraft:dirt":1,"minecraft:apple":5,"argentinas_delight:membrillo":2,"minecraft:oak_sapling":54,"minecraft:birch_sapling":1,"minecraft:mutton":5,"minecraft:white_wool":4},"minecraft:used":{"minecraft:wooden_axe":212,"minecraft:mutton":5,"minecraft:crafting_table":2,"minecraft:white_bed":1},"minecraft:crafted":{"minecraft:oak_planks":28,"minecraft:crafting_table":2,"minecraft:stick":8,"minecraft:wooden_axe":4,"minecraft:white_bed":1},"minecraft:custom":{"minecraft:time_since_rest":16771,"minecraft:sprint_one_cm":76314,"minecraft:walk_one_cm":37235,"minecraft:mob_kills":7,"minecraft:damage_dealt":810,"minecraft:interact_with_crafting_table":6,"minecraft:fly_one_cm":30039,"minecraft:crouch_one_cm":52,"minecraft:play_time":16771,"minecraft:sneak_time":24,"minecraft:jump":137,"minecraft:time_since_death":16771,"minecraft:total_world_time":16771,"minecraft:fall_one_cm":3313},"minecraft:broken":{"minecraft:wooden_axe":3},"minecraft:killed":{"minecraft:sheep":4,"minecraft:horse":2,"minecraft:chicken":1}},"DataVersion":3465}