{"stats":{"minecraft:picked_up":{"minecraft:wooden_axe":1,"minecraft:birch_log":23,"minecraft:raw_iron":1,"minecraft:stick":62,"minecraft:crafting_table":1,"minecraft:andesite":54,"minecraft:torch":3,"doggytalents:rice_grains":2,"minecraft:porkchop":5,"minecraft:oak_log":287,"minecraft:diorite":1,"minecraft:dirt":2,"minecraft:apple":8,"minecraft:oak_sapling":92,"minecraft:birch_sapling":2,"minecraft:coal":28,"minecraft:cobblestone":12},"minecraft:used":{"minecraft:wooden_axe":352,"minecraft:apple":3,"minecraft:stone_pickaxe":95,"minecraft:chest":1,"minecraft:wooden_pickaxe":3,"minecraft:torch":3,"minecraft:crafting_table":1,"minecraft:oak_sapling":16,"minecraft:porkchop":1},"minecraft:crafted":{"minecraft:oak_planks":44,"minecraft:crafting_table":1,"minecraft:wooden_pickaxe":1,"minecraft:stone_pickaxe":1,"minecraft:wooden_axe":4,"minecraft:chest":1,"minecraft:torch":4,"minecraft:birch_planks":4},"minecraft:mined":{"minecraft:iron_ore":1,"minecraft:birch_log":23,"minecraft:andesite":54,"minecraft:torch":1,"minecraft:crafting_table":1,"minecraft:grass":6,"minecraft:grass_block":1,"minecraft:coal_ore":28,"minecraft:oak_log":271,"minecraft:dirt":1,"minecraft:stone":12,"minecraft:diorite":1,"minecraft:wall_torch":2},"minecraft:custom":{"minecraft:time_since_rest":6100,"minecraft:sprint_one_cm":67085,"minecraft:damage_taken":50,"minecraft:walk_one_cm":57844,"minecraft:mob_kills":2,"minecraft:drop":3,"minecraft:damage_dealt":200,"minecraft:interact_with_crafting_table":7,"minecraft:fly_one_cm":23472,"minecraft:open_chest":5,"minecraft:crouch_one_cm":243,"minecraft:play_time":16988,"minecraft:sneak_time":99,"minecraft:jump":162,"minecraft:time_since_death":16988,"minecraft:sleep_in_bed":1,"minecraft:total_world_time":16988,"minecraft:fall_one_cm":3530},"minecraft:broken":{"minecraft:wooden_axe":5},"minecraft:dropped":{"minecraft:cobblestone":3},"minecraft:killed":{"minecraft:pig":2}},"DataVersion":3465}