{"stats":{"minecraft:mined":{"minecraft:crafting_table":1,"minecraft:grass":1,"minecraft:oak_log":18,"minecraft:coal_ore":15,"minecraft:stone":10,"minecraft:oak_leaves":6},"minecraft:crafted":{"minecraft:oak_planks":24,"minecraft:crafting_table":1,"minecraft:stick":12,"minecraft:wooden_pickaxe":1,"minecraft:stone_pickaxe":1,"minecraft:stone_sword":1,"minecraft:torch":20,"minecraft:stone_axe":1},"minecraft:picked_up":{"minecraft:crafting_table":1,"minecraft:feather":1,"minecraft:cooked_porkchop":2,"minecraft:chicken":1,"minecraft:wooden_pickaxe":1,"minecraft:oak_log":19,"minecraft:gunpowder":2,"minecraft:oak_sapling":3,"minecraft:birch_sapling":1,"minecraft:coal":15,"minecraft:cobblestone":10,"minecraft:egg":1},"minecraft:custom":{"minecraft:time_since_rest":17801,"minecraft:sprint_one_cm":37430,"minecraft:walk_one_cm":54546,"minecraft:mob_kills":3,"minecraft:damage_dealt":392,"minecraft:swim_one_cm":799,"minecraft:interact_with_crafting_table":4,"minecraft:fly_one_cm":18234,"minecraft:crouch_one_cm":153,"minecraft:play_time":17801,"minecraft:sneak_time":35,"minecraft:walk_under_water_one_cm":1216,"minecraft:jump":208,"minecraft:walk_on_water_one_cm":716,"minecraft:time_since_death":17801,"minecraft:total_world_time":17801,"minecraft:interact_with_smoker":3,"minecraft:fall_one_cm":3013},"minecraft:used":{"minecraft:stone_sword":7,"minecraft:stone_pickaxe":16,"minecraft:wooden_pickaxe":9,"minecraft:stone_axe":15,"minecraft:torch":9,"minecraft:crafting_table":1,"minecraft:oak_sapling":1,"minecraft:cooked_porkchop":2,"minecraft:egg":1},"minecraft:killed":{"fight_or_die:springer":1,"minecraft:chicken":1,"minecraft:creeper":1}},"DataVersion":3465}