{"stats":{"minecraft:dropped":{"minecraft:feather":2,"minecraft:wheat_seeds":2},"minecraft:killed":{"minecraft:chicken":3},"minecraft:used":{"minecraft:wooden_axe":20,"minecraft:dirt":5,"minecraft:crafting_table":1,"minecraft:oak_sapling":1,"minecraft:oak_planks":54,"minecraft:dandelion":1},"minecraft:crafted":{"minecraft:oak_planks":64,"minecraft:crafting_table":1,"minecraft:stick":4,"minecraft:wooden_axe":1},"minecraft:mined":{"minecraft:grass":13,"minecraft:oak_log":16,"minecraft:grass_block":5,"minecraft:dirt":1,"minecraft:tall_grass":2,"minecraft:dandelion":1,"minecraft:oak_leaves":2},"minecraft:picked_up":{"minecraft:feather":7,"minecraft:chicken":3,"minecraft:wheat_seeds":4,"minecraft:dandelion":1,"minecraft:oak_log":16,"minecraft:oak_sapling":1,"minecraft:dirt":6},"minecraft:custom":{"minecraft:time_since_rest":11917,"minecraft:crouch_one_cm":6065,"minecraft:play_time":11917,"minecraft:sprint_one_cm":22555,"minecraft:walk_one_cm":16659,"minecraft:sneak_time":1276,"minecraft:mob_kills":3,"minecraft:drop":4,"minecraft:jump":163,"minecraft:damage_dealt":336,"minecraft:walk_on_water_one_cm":140,"minecraft:time_since_death":11917,"minecraft:total_world_time":11917,"minecraft:interact_with_crafting_table":1,"minecraft:fall_one_cm":4087,"minecraft:fly_one_cm":46282,"minecraft:horse_one_cm":4742}},"DataVersion":3465}