{"stats":{"minecraft:picked_up":{"minecraft:blue_candle":3,"minecraft:iron_chestplate":1,"minecraft:wheat":85,"cgm:basic_bullet":926,"minecraft:flower_pot":1,"minecraft:smithing_table":2,"createaddition:electrum_nugget":3,"minecraft:lead":1,"minecraft:oak_stairs":8,"minecraft:enchanted_book":2,"minecraft:string":16,"minecraft:raw_copper":128,"minecraft:iron_leggings":1,"mca:blueprint":1,"minecraft:sea_pickle":10,"minecraft:cobbled_deepslate":10,"minecraft:gold_nugget":1,"minecraft:bucket":1,"comforts:sleeping_bag_white":23,"minecraft:calcite":87,"argentinas_delight:tomatitos_cherry":4,"minecraft:furnace":1,"minecraft:stick":241,"minecraft:jukebox":1,"minecraft:composter":1,"minecraft:oak_fence":16,"minecraft:torch":68,"minecraft:porkchop":39,"minecraft:dried_kelp":62,"tombstone:grave_dust":4,"minecraft:diorite":160,"minecraft:cauldron":1,"create:large_cogwheel":13,"minecraft:rotten_flesh":21,"create:ochrum":309,"create:asurine":6,"create:veridium":48,"minecraft:cobblestone":2376,"minecraft:sponge":2,"minecraft:birch_log":102,"minecraft:cooked_beef":104,"minecraft:feather":9,"fight_or_die:springer_fragment":1,"minecraft:andesite":45,"minecraft:water_bucket":1,"minecraft:jungle_log":57,"minecraft:smoker":2,"minecraft:potato":922,"minecraft:flint":43,"minecraft:tuff":84,"create:raw_zinc":40,"minecraft:lapis_lazuli":100,"minecraft:dirt":1576,"minecraft:bone":25,"minecraft:chipped_anvil":2,"minecraft:wheat_seeds":287,"minecraft:raw_gold":49,"minecraft:grindstone":2,"minecraft:fletching_table":1,"minecraft:stone_hoe":2,"minecraft:oak_planks":39,"minecraft:cooked_porkchop":30,"minecraft:poisonous_potato":5,"minecraft:sand":192,"minecraft:ink_sac":9,"minecraft:grass_block":3,"minecraft:dark_oak_log":191,"cgm:pistol":3,"minecraft:light_gray_concrete":3,"create:crimsite":15,"minecraft:granite":36,"minecraft:bone_meal":24,"minecraft:emerald":15,"minecraft:oak_sapling":358,"minecraft:light_blue_candle":2,"sophisticatedbackpacks:gold_backpack":1,"minecraft:cocoa_beans":10,"minecraft:crafting_table":1,"minecraft:chicken":9,"minecraft:pink_wool":22,"minecraft:cartography_table":1,"minecraft:beef":132,"minecraft:jungle_sapling":4,"minecraft:iron_nugget":63,"minecraft:light_gray_wool":1,"minecraft:lectern":1,"minecraft:sugar_cane":431,"minecraft:birch_sapling":31,"minecraft:egg":9,"minecraft:dark_oak_sapling":25,"fight_or_die:ripping_flesh":8,"minecraft:raw_iron":253,"minecraft:sandstone":109,"fight_or_die:rotten_brain":2,"minecraft:oak_door":13,"sophisticatedbackpacks:backpack":1,"create:copper_backtank":2,"create:hand_crank":2,"minecraft:carrot":507,"minecraft:redstone":35,"minecraft:dark_oak_planks":5,"minecraft:stone_shovel":33,"minecraft:arrow":20,"minecraft:beetroot_seeds":4,"minecraft:saddle":1,"tombstone:essence_of_undeath":1,"minecraft:mutton":12,"minecraft:white_wool":124,"minecraft:wet_sponge":2,"minecraft:oxeye_daisy":2,"create:iron_sheet":24,"minecraft:air":0,"minecraft:leather":97,"doggytalents:rice_grains":55,"minecraft:oak_log":940,"minecraft:cobblestone_wall":2,"minecraft:yellow_bed":2,"minecraft:gunpowder":28,"minecraft:cobblestone_stairs":5,"mca:book_romance":1,"immersive_aircraft:gyrodyne":1,"create:copper_nugget":2,"tombstone:gift":2,"minecraft:cooked_mutton":11,"minecraft:apple":46,"minecraft:kelp":254,"minecraft:cooked_chicken":4,"minecraft:stripped_oak_wood":2,"fight_or_die:mutated_ender_pearl":1,"minecraft:book":38,"minecraft:pumpkin":6,"minecraft:dripstone_block":2,"minecraft:gravel":785,"minecraft:birch_stairs":2,"minecraft:blast_furnace":1,"minecraft:white_bed":6,"fight_or_die:sickened_heart":1,"minecraft:spider_eye":2,"create:copper_diving_helmet":2,"minecraft:baked_potato":514,"argentinas_delight:cuernodetoro":23,"minecraft:coal":117,"minecraft:ender_pearl":3},"minecraft:broken":{"minecraft:iron_shovel":3,"minecraft:stone_pickaxe":10,"minecraft:stone_axe":10,"minecraft:wooden_axe":5,"minecraft:stone_shovel":4,"minecraft:wooden_pickaxe":1,"minecraft:iron_pickaxe":1,"minecraft:wooden_hoe":4},"minecraft:crafted":{"minecraft:light_gray_concrete_powder":8,"minecraft:oak_planks":3364,"minecraft:pink_bed":4,"minecraft:birch_slab":6,"minecraft:bookshelf":38,"minecraft:glass":3,"minecraft:chest":15,"minecraft:stone_hoe":2,"minecraft:glass_bottle":3,"minecraft:oak_slab":18,"minecraft:emerald":11,"minecraft:crafting_table":25,"minecraft:wooden_pickaxe":1,"minecraft:copper_ingot":72,"minecraft:birch_planks":144,"minecraft:brewing_stand":1,"minecraft:campfire":15,"minecraft:lectern":1,"minecraft:charcoal":139,"minecraft:wooden_hoe":5,"minecraft:book":79,"minecraft:paper":324,"minecraft:stick":352,"minecraft:iron_ingot":14,"minecraft:iron_pickaxe":1,"minecraft:gold_ingot":49,"minecraft:light_gray_dye":1,"minecraft:composter":1,"minecraft:birch_stairs":16,"minecraft:shears":1,"create:empty_blaze_burner":6,"minecraft:oak_door":24,"minecraft:stone_shovel":11,"minecraft:furnace":8,"minecraft:bone_meal":33,"minecraft:diamond":1,"minecraft:ladder":3,"minecraft:stone_pickaxe":11,"minecraft:dark_oak_planks":124,"cgm:workbench":1,"mca:sirben_baby_girl":1,"minecraft:cooked_beef":3,"minecraft:bucket":1,"minecraft:stone_axe":11,"minecraft:bread":18,"minecraft:air":0,"minecraft:blue_dye":1,"minecraft:oak_boat":1,"minecraft:wooden_axe":8,"minecraft:iron_shovel":4,"minecraft:white_bed":27,"minecraft:torch":452,"mca:wedding_ring":2},"minecraft:mined":{"minecraft:dark_oak_planks":5,"minecraft:white_bed":6,"minecraft:oak_sapling":1,"minecraft:farmland":1,"minecraft:cobblestone_stairs":5,"minecraft:jungle_leaves":18,"minecraft:granite":38,"minecraft:grass_block":1019,"minecraft:jungle_log":57,"minecraft:composter":1,"minecraft:oxeye_daisy":1,"fight_or_die:blood_splash1":4,"minecraft:iron_ore":221,"minecraft:fire":4,"minecraft:pumpkin":6,"minecraft:fletching_table":1,"create:asurine":1,"minecraft:water_cauldron":1,"minecraft:oak_stairs":3,"minecraft:light_gray_concrete":3,"create:veridium":2,"minecraft:kelp_plant":46,"minecraft:smoker":2,"minecraft:clay":1,"minecraft:torch":10,"minecraft:blast_furnace":1,"minecraft:cobblestone":13,"minecraft:oak_planks":35,"minecraft:grindstone":1,"minecraft:sugar_cane":208,"minecraft:wall_torch":10,"minecraft:birch_sapling":1,"minecraft:seagrass":2,"minecraft:birch_log":105,"minecraft:wheat":83,"minecraft:jukebox":1,"argentinas_delight:brotecherry_3":2,"minecraft:stripped_oak_wood":2,"minecraft:grass":264,"minecraft:oak_log":946,"minecraft:sand":174,"minecraft:dirt":477,"minecraft:deepslate":9,"create:crimsite":2,"minecraft:oak_leaves":11,"create:zinc_ore":40,"minecraft:tuff":7,"minecraft:oak_door":13,"minecraft:dark_oak_log":191,"minecraft:chiseled_bookshelf":1,"create:ochrum":66,"minecraft:kelp":26,"minecraft:cartography_table":1,"minecraft:sandstone":89,"minecraft:redstone_ore":7,"minecraft:furnace":1,"minecraft:carrots":69,"minecraft:andesite":47,"minecraft:bookshelf":7,"minecraft:potatoes":259,"minecraft:deepslate_iron_ore":4,"minecraft:vine":3,"argentinas_delight:cherrymaduroarriba":2,"minecraft:wet_sponge":2,"minecraft:stone":621,"minecraft:smithing_table":2,"minecraft:glass_pane":4,"minecraft:oak_fence":16,"minecraft:crafting_table":1,"minecraft:sponge":2,"minecraft:lectern":1,"minecraft:potted_oxeye_daisy":1,"minecraft:copper_ore":8,"minecraft:tall_grass":47,"minecraft:lapis_ore":14,"minecraft:deepslate_gold_ore":10,"minecraft:diorite":93,"minecraft:blue_candle":1,"minecraft:cobblestone_wall":2,"fight_or_die:blood_splash2":5,"minecraft:yellow_bed":2,"minecraft:coal_ore":112,"minecraft:cocoa":3,"minecraft:light_blue_candle":1,"minecraft:gravel":11,"minecraft:dripstone_block":2,"minecraft:gold_ore":39,"minecraft:chipped_anvil":2},"minecraft:used":{"minecraft:iron_shovel":823,"minecraft:ladder":3,"minecraft:chest":15,"minecraft:iron_sword":132,"doggytalents:rice_grains":4,"minecraft:iron_chestplate":1,"minecraft:mutton":1,"minecraft:carrot":166,"minecraft:lava_bucket":1,"minecraft:birch_sapling":1,"minecraft:oak_sapling":99,"minecraft:furnace":9,"minecraft:beetroot_seeds":4,"minecraft:egg":8,"minecraft:potato":839,"minecraft:dark_oak_sapling":12,"minecraft:diorite":11,"minecraft:stone_pickaxe":1344,"minecraft:oak_planks":2596,"minecraft:wooden_pickaxe":37,"minecraft:composter":2,"minecraft:sugar_cane":100,"minecraft:white_wool":1,"minecraft:sand":52,"minecraft:sponge":2,"minecraft:dark_oak_log":18,"minecraft:birch_slab":2,"minecraft:bread":6,"minecraft:lectern":2,"tombstone:grave_key":7,"minecraft:grindstone":2,"minecraft:smithing_table":2,"minecraft:oak_boat":1,"minecraft:air":1,"minecraft:bone_meal":42,"minecraft:oak_fence":16,"minecraft:stone_shovel":660,"create:veridium":1,"minecraft:oak_door":25,"minecraft:torch":508,"create:ochrum":1,"minecraft:brewing_stand":1,"minecraft:dirt":740,"cgm:workbench":1,"minecraft:cobblestone_wall":2,"minecraft:dark_oak_planks":106,"minecraft:wooden_axe":399,"minecraft:chipped_anvil":2,"minecraft:bookshelf":37,"minecraft:oak_stairs":1,"tombstone:gift":3,"comforts:sleeping_bag_white":22,"minecraft:cooked_beef":5,"minecraft:iron_leggings":1,"minecraft:wheat_seeds":119,"minecraft:cooked_mutton":11,"minecraft:water_bucket":20,"minecraft:cobblestone_stairs":1,"minecraft:birch_planks":33,"cgm:pistol":446,"minecraft:glass_bottle":24,"minecraft:baked_potato":45,"minecraft:fletching_table":1,"minecraft:oak_slab":2,"minecraft:crafting_table":25,"minecraft:white_bed":32,"minecraft:campfire":15,"minecraft:light_gray_concrete_powder":3,"minecraft:smoker":2,"minecraft:oak_log":8,"minecraft:flower_pot":1,"minecraft:wooden_hoe":247,"minecraft:apple":16,"minecraft:chicken":2,"minecraft:iron_pickaxe":113,"minecraft:stone_axe":1389,"minecraft:pink_bed":4,"minecraft:potion":21,"minecraft:cobblestone":101,"minecraft:cooked_porkchop":19,"minecraft:bucket":23,"minecraft:yellow_bed":6,"minecraft:sea_pickle":10,"create:hand_crank":2,"minecraft:kelp":140,"argentinas_delight:tomatitos_cherry":1,"minecraft:jukebox":1,"minecraft:birch_stairs":15},"minecraft:killed":{"fight_or_die:springer":18,"minecraft:spider":11,"minecraft:skeleton":13,"minecraft:chicken":7,"fight_or_die:mutated_fox":4,"minecraft:pig":24,"fight_or_die:mutated_cow":3,"minecraft:creeper":29,"fight_or_die:mutated_enderman_head":1,"minecraft:sheep":13,"fight_or_die:mutated_villager":4,"minecraft:zombie":15,"fight_or_die:mutated_player":5,"fight_or_die:mutated_enderman":2,"minecraft:cow":77,"minecraft:blaze":6,"fight_or_die:mutated_creeper":2,"fight_or_die:mutated_human_head":6,"fight_or_die:mutated_pig":4,"minecraft:horse":11,"fight_or_die:mutated_human":15,"fight_or_die:mutated_sheep":4,"fight_or_die:shiller":9,"minecraft:drowned":2,"fight_or_die:mutated_villager_head":1,"fight_or_die:mutated_player_head":1,"minecraft:enderman":4},"minecraft:killed_by":{"fight_or_die:mutated_villager":1,"minecraft:blaze":7,"fight_or_die:mutated_human":2,"minecraft:player":1,"minecraft:spider":2,"fight_or_die:mutated_enderman":5,"fight_or_die:springer":1,"fight_or_die:mutated_player":3,"minecraft:skeleton":3,"fight_or_die:mutated_pig":4},"minecraft:custom":{"minecraft:animals_bred":8,"minecraft:interact_with_crafting_table":144,"minecraft:open_barrel":8,"minecraft:bell_ring":7,"minecraft:leave_game":31,"minecraft:time_since_death":50386,"minecraft:sprint_one_cm":2978863,"minecraft:drop":1495,"minecraft:talked_to_villager":15,"minecraft:play_time":865409,"minecraft:deaths":33,"minecraft:jump":6971,"minecraft:walk_on_water_one_cm":222526,"minecraft:interact_with_furnace":172,"minecraft:traded_with_villager":13,"minecraft:sleep_in_bed":38,"minecraft:damage_dealt":21274,"minecraft:crouch_one_cm":110426,"tombstone:undead_killed":30,"minecraft:interact_with_smoker":2,"minecraft:mob_kills":296,"minecraft:interact_with_campfire":798,"minecraft:climb_one_cm":19302,"minecraft:walk_one_cm":3697310,"minecraft:sneak_time":41320,"minecraft:walk_under_water_one_cm":295633,"minecraft:boat_one_cm":41535,"minecraft:interact_with_blast_furnace":1,"minecraft:total_world_time":865409,"tombstone:raider_killed":3,"minecraft:pot_flower":1,"minecraft:time_since_rest":10846,"minecraft:damage_taken":11497,"minecraft:swim_one_cm":277402,"minecraft:fly_one_cm":1305454,"minecraft:pig_one_cm":12,"minecraft:open_chest":201,"minecraft:fall_one_cm":168658},"minecraft:dropped":{"minecraft:iron_sword":1,"minecraft:oak_log":128,"minecraft:baked_potato":64,"minecraft:diamond":1,"mca:letter":2,"minecraft:cooked_porkchop":10,"create:crimsite":15,"create:copper_diving_helmet":1,"minecraft:dirt":51,"minecraft:dark_oak_log":142,"create:copper_backtank":1,"minecraft:gold_nugget":1,"create:iron_sheet":12,"create:large_cogwheel":13,"minecraft:white_wool":1,"minecraft:birch_stairs":3,"minecraft:gold_ingot":33,"minecraft:bone":4,"minecraft:oak_door":2,"minecraft:gravel":777,"cgm:pistol":2,"minecraft:sugar_cane":3,"minecraft:cooked_chicken":4,"minecraft:iron_nugget":45,"minecraft:cobbled_deepslate":5,"minecraft:wheat":4,"tombstone:gift":3,"minecraft:rotten_flesh":3,"minecraft:oak_planks":7,"create:asurine":6,"minecraft:white_bed":2,"minecraft:carrot":55,"argentinas_delight:cuernodetoro":5,"cgm:basic_bullet":325,"createaddition:electrum_nugget":3,"fight_or_die:ripping_flesh":5,"doggytalents:rice_grains":20,"minecraft:arrow":11,"minecraft:beef":1,"minecraft:netherrack":5,"minecraft:egg":1,"minecraft:water_bucket":1,"minecraft:enchanted_book":1,"minecraft:oak_slab":5,"minecraft:wheat_seeds":71,"minecraft:dripstone_block":2,"minecraft:poisonous_potato":1,"minecraft:cobblestone":2062,"minecraft:feather":1,"minecraft:apple":10,"minecraft:granite":7,"minecraft:coal":3,"mca:wedding_ring":1,"minecraft:lava_bucket":1,"minecraft:blue_dye":1,"mca:book_romance":1,"minecraft:diorite":21,"minecraft:ink_sac":7,"minecraft:wooden_hoe":1,"tombstone:grave_dust":5,"minecraft:potion":1,"minecraft:oak_stairs":5,"minecraft:string":2,"create:raw_zinc":40,"minecraft:redstone":35,"create:ochrum":335,"minecraft:raw_copper":27,"minecraft:tuff":84,"minecraft:stone_shovel":38,"minecraft:raw_iron":138,"minecraft:light_gray_wool":1,"sophisticatedbackpacks:backpack":1,"minecraft:potato":14,"create:veridium":47,"minecraft:andesite":25,"minecraft:sandstone":8,"minecraft:calcite":87,"create:empty_blaze_burner":6}},"DataVersion":3465}