{"stats":{"minecraft:picked_up":{"minecraft:stick":2,"minecraft:wheat_seeds":1,"doggytalents:rice_grains":2,"minecraft:oak_log":4,"minecraft:oak_sapling":2,"minecraft:dirt":1},"minecraft:used":{"minecraft:dirt":1,"minecraft:crafting_table":1,"minecraft:oak_planks":477},"minecraft:crafted":{"minecraft:oak_planks":1472,"minecraft:crafting_table":1,"minecraft:stick":4,"minecraft:wooden_pickaxe":1},"minecraft:mined":{"minecraft:grass":22,"minecraft:grass_block":1,"minecraft:oak_log":4,"minecraft:tall_grass":6},"minecraft:custom":{"minecraft:time_since_rest":8163,"minecraft:open_chest":3,"minecraft:crouch_one_cm":14409,"minecraft:play_time":8163,"minecraft:sprint_one_cm":16270,"minecraft:walk_one_cm":12989,"minecraft:sneak_time":3504,"minecraft:walk_under_water_one_cm":625,"minecraft:jump":58,"minecraft:time_since_death":8163,"minecraft:walk_on_water_one_cm":279,"minecraft:total_world_time":8163,"minecraft:interact_with_crafting_table":1,"minecraft:fall_one_cm":1151,"minecraft:fly_one_cm":8866}},"DataVersion":3465}