{"stats":{"minecraft:broken":{"minecraft:wooden_axe":1},"minecraft:mined":{"minecraft:birch_log":11,"minecraft:birch_leaves":2,"minecraft:oak_log":49,"minecraft:grass_block":1,"minecraft:coal_ore":25,"minecraft:dirt":8,"minecraft:stone":19,"minecraft:oak_leaves":6},"minecraft:crafted":{"minecraft:oak_planks":8,"minecraft:wooden_shovel":1,"minecraft:crafting_table":2,"minecraft:stick":20,"minecraft:wooden_pickaxe":1,"minecraft:cooked_chicken":1,"minecraft:wooden_axe":1,"minecraft:torch":16,"minecraft:birch_planks":24,"minecraft:air":0},"minecraft:picked_up":{"minecraft:birch_log":11,"minecraft:stick":1,"minecraft:oak_log":48,"minecraft:dirt":9,"minecraft:oak_sapling":2,"minecraft:birch_sapling":1,"minecraft:coal":25,"minecraft:cobblestone":19},"minecraft:custom":{"minecraft:time_since_rest":17711,"minecraft:sprint_one_cm":14625,"minecraft:damage_taken":102,"minecraft:walk_one_cm":48758,"minecraft:damage_dealt":37,"minecraft:swim_one_cm":6525,"minecraft:interact_with_crafting_table":2,"minecraft:fly_one_cm":13788,"minecraft:crouch_one_cm":1451,"minecraft:play_time":17711,"minecraft:sneak_time":836,"minecraft:walk_under_water_one_cm":1274,"minecraft:jump":162,"minecraft:time_since_death":17711,"minecraft:walk_on_water_one_cm":501,"minecraft:total_world_time":17711,"minecraft:interact_with_smoker":3,"minecraft:fall_one_cm":4373},"minecraft:used":{"minecraft:wooden_axe":59,"minecraft:birch_sapling":1,"minecraft:wooden_pickaxe":44,"minecraft:wooden_shovel":10,"minecraft:cooked_chicken":1,"minecraft:crafting_table":2}},"DataVersion":3465}