{"stats":{"minecraft:dropped":{"minecraft:wheat_seeds":1},"minecraft:mined":{"minecraft:grass":18,"minecraft:grass_block":1},"minecraft:picked_up":{"minecraft:wheat_seeds":1,"minecraft:dirt":1},"minecraft:custom":{"minecraft:jump":20,"minecraft:time_since_rest":3038,"minecraft:leave_game":1,"minecraft:crouch_one_cm":80,"minecraft:sprint_one_cm":6409,"minecraft:play_time":3038,"minecraft:damage_taken":75,"minecraft:time_since_death":3038,"minecraft:walk_one_cm":4773,"minecraft:sneak_time":8,"minecraft:total_world_time":3038,"minecraft:fall_one_cm":627,"minecraft:drop":1,"minecraft:fly_one_cm":2907,"minecraft:horse_one_cm":7655}},"DataVersion":3465}