{
  "create:root": {
    "criteria": {
      "0": "2024-09-05 18:56:10 -0300"
    },
    "done": true
  },
  "minecraft:recipes/decorations/crafting_table": {
    "criteria": {
      "unlock_right_away": "2024-09-05 18:54:58 -0300"
    },
    "done": true
  },
  "vs_eureka:recipes/balloon_color": {
    "criteria": {
      "has_red_balloon": "2024-09-05 18:56:10 -0300",
      "has_black_balloon": "2024-09-05 18:56:10 -0300",
      "has_lime_balloon": "2024-09-05 18:56:10 -0300",
      "has_cyan_balloon": "2024-09-05 18:56:10 -0300",
      "has_light_blue_balloon": "2024-09-05 18:56:10 -0300",
      "has_gray_balloon": "2024-09-05 18:56:10 -0300",
      "has_pink_balloon": "2024-09-05 18:56:10 -0300",
      "has_light_gray_balloon": "2024-09-05 18:56:10 -0300",
      "has_white_balloon": "2024-09-05 18:56:10 -0300",
      "has_blue_balloon": "2024-09-05 18:56:10 -0300",
      "has_yellow_balloon": "2024-09-05 18:56:10 -0300",
      "has_purple_balloon": "2024-09-05 18:56:10 -0300",
      "has_orange_balloon": "2024-09-05 18:56:10 -0300",
      "has_brown_balloon": "2024-09-05 18:56:10 -0300",
      "has_green_balloon": "2024-09-05 18:56:10 -0300",
      "has_magenta_balloon": "2024-09-05 18:56:10 -0300"
    },
    "done": true
  },
  "vs_eureka:recipes/balloon_leather": {
    "criteria": {
      "has_leather": "2024-09-05 18:56:10 -0300"
    },
    "done": true
  },
  "mca:root": {
    "criteria": {
      "village_plains": "2024-09-05 18:56:10 -0300"
    },
    "done": true
  },
  "vs_eureka:recipes/ship_helm": {
    "criteria": {
      "has_gold": "2024-09-05 18:56:10 -0300"
    },
    "done": true
  },
  "vs_eureka:recipes/balloon_paper": {
    "criteria": {
      "has_paper": "2024-09-05 18:56:10 -0300"
    },
    "done": true
  },
  "parcool:grant_parcool_guide": {
    "criteria": {
      "tick": "2024-09-05 18:54:58 -0300"
    },
    "done": true
  },
  "tombstone:adventure/root": {
    "criteria": {
      "auto": "2024-09-05 18:55:06 -0300"
    },
    "done": true
  },
  "vs_eureka:recipes/balloon_membrane": {
    "criteria": {
      "has_membrane": "2024-09-05 18:56:10 -0300"
    },
    "done": true
  },
  "minecraft:adventure/adventuring_time": {
    "criteria": {
      "minecraft:savanna": "2024-09-05 18:55:06 -0300",
      "minecraft:plains": "2024-09-05 18:56:10 -0300"
    },
    "done": false
  },
  "DataVersion": 3465
}